n	file	photographer	unsplash page	found in search
1	photos/p001.jpg	Nathan Dumlao	https://unsplash.com/photos/man-in-white-shirt-carrying-girl-in-gray-shirt-Wr3comVZJxU	young-family
7	photos/p007.jpg	Kelly Sikkema	https://unsplash.com/photos/man-carrying-baby-boy-and-kissing-on-cheek-FqqaJI9OxMI	young-family
9	photos/p009.jpg	Alexander Dummer	https://unsplash.com/photos/two-babies-and-woman-sitting-on-sofa-while-holding-baby-and-watching-on-tablet-UH-xs-FizTk	young-family
12	photos/p012.jpg	Omar Lopez	https://unsplash.com/photos/woman-kiss-a-baby-while-taking-picture-_H1ZmUzwp9w	young-family
15	photos/p015.jpg	Ricardo Maruri	https://unsplash.com/photos/man-in-white-and-red-polo-shirt-carrying-girl-in-blue-denim-jeans-during-daytime-THn-kqNgZ8A	parents-with-baby
17	photos/p017.jpg	Jonathan Borba	https://unsplash.com/photos/man-in-white-crew-neck-t-shirt-kissing-woman-in-white-dress-Z39a7lqZusU	parents-with-baby
20	photos/p020.jpg	Kateryna Hliznitsova	https://unsplash.com/photos/a-person-standing-in-a-field-N_6OpdOXcxo	parents-with-baby
25	photos/p025.jpg	Brooke Balentine	https://unsplash.com/photos/a-happy-family-with-two-young-children-u1WG9PXqu7g	parents-with-baby
52	photos/p052.jpg	Caroline Hernandez	https://unsplash.com/photos/man-carrying-daughter-in-black-sleeveless-top-TMpQ5R9mbOc	father-and-daughter
53	photos/p053.jpg	Isaac Quesada	https://unsplash.com/photos/man-in-blue-denim-jacket-carrying-girl-in-white-sweater-during-daytime-u181sbSXBmk	father-and-daughter
57	photos/p057.jpg	Mieke Campbell	https://unsplash.com/photos/father-hugging-laughing-young-daughter-Q6DmZLEejkE	father-and-daughter
82	photos/p082.jpg	Seljan Salim	https://unsplash.com/photos/family-walking-on-path-with-trees-at-sunset-El0yVRiFbxs	family-walking
121	photos/p121.jpg	Javier González Fotógrafo	https://unsplash.com/photos/a-man-woman-and-two-children-sitting-on-a-couch-FU0m9_pC_WU	family-on-couch
127	photos/p127.jpg	Ana G Mendivil	https://unsplash.com/photos/family-poses-together-for-a-christmas-photo-6L5xzQfcOvI	family-on-couch
150	photos/p150.jpg	Jennifer Kalenberg	https://unsplash.com/photos/a-man-and-woman-sitting-on-a-window-sill-holding-a-baby-kcsbBFR2mx8	couple-with-newborn
137	photos/p137.jpg	Vitaly Gariev	https://unsplash.com/photos/couple-surrounded-by-moving-boxes-in-new-home-yxnzg8mn2O8	family-moving-new-home
139	photos/p139.jpg	Vitaly Gariev	https://unsplash.com/photos/couple-sitting-among-moving-boxes-in-new-home-QpRjfYmGtbk	family-moving-new-home
207	photos/p207.jpg	Vitaly Gariev	https://unsplash.com/photos/couple-looking-at-a-laptop-on-a-bed-kpmPJNymO6Y	couple-budget-laptop
295	photos/p295.jpg	Finde Zukunft	https://unsplash.com/photos/man-in-brown-t-shirt-writing-on-white-paper-U2Tmq7OdKsQ	couple-paperwork-table
16	photos/p016.jpg	Jakob Owens	https://unsplash.com/photos/couple-walking-barefoot-with-a-child-at-the-garden-M0M-FR2iedk	parents-with-baby
75	photos/p075.jpg	Alberto Casetta	https://unsplash.com/photos/man-woman-and-child-walking-together-along-dirt-road-REKXJ7JhwiI	family-walking
76	photos/p076.jpg	Jessica Rockowitz	https://unsplash.com/photos/family-walking-on-wooden-boardwalk-_U_M_S-G5zE	family-walking
266	photos/p266.jpg	Vitolda Klein	https://unsplash.com/photos/man-in-black-t-shirt-and-brown-shorts-holding-girl-in-blue-and-black-jacket-walking-vknNquR-VcQ	family-park
157	photos/p157.jpg	Ana Curcan	https://unsplash.com/photos/parents-lovingly-hold-their-sleeping-newborn-baby-GFnCxI228Q8	couple-with-newborn
337	photos/p337.jpg	Febe Vanermen	https://unsplash.com/photos/a-man-and-a-woman-sitting-on-a-couch-lCxP9YvylGY	pregnant-couple
126	photos/p126.jpg	Vitaly Gariev	https://unsplash.com/photos/mother-and-son-sitting-on-a-couch-together-hXKqWugt0-A	family-on-couch
303	photos/p303.jpg	150 Billi	https://unsplash.com/photos/a-couple-signs-their-wedding-papers-Qwvg9F34j1Q	couple-paperwork-table
